{"mean": [85.35071712654049, 89.66918611160575, 80.16063464300996], "std": [9.105791269581776, 8.865247151944269, 9.150331179212113]}